dir_coef_score_correl	recall_correl	compl_conf_alpha_0.5_correl	compl_conf_2_correl	body_support	train_size	dir_metric_correl	support	std_conf_correl	dir_metric_score_correl	compl_conf_3_correl	compl_conf_alpha_1_correl	test_size	dir_coef_correl	factor	f1_correl	pca_conf_correl	precision_correl	rules_count	support_average	body_support_average
0.999955496028	-0.444565487166	0.880133520553	0.721723132962	200985.0	272542	0.606994648564	1037.0	0.944889242644	0.723057774786	0.999437291709	0.880133520553	1429080	0.999955496028	0.2	-0.411574590146	0.688686041372	0.537329465487	10	103	20098
0.879237569569	-0.270284067435	0.846063387555	0.657220461995	447848.0	400171	0.556413113075	3289.0	0.944665009383	0.716486508052	0.99975377738	0.846063387555	1301451	0.879237569569	0.3	-0.2547302125	0.636744788383	0.484338077727	18	182	24880
0.884827471144	-0.24452253954	0.888741754301	0.746058086392	849787.0	528240	0.63473456215	7715.0	0.943192127571	0.794982713103	0.999790322931	0.888741754301	1173382	0.884827471144	0.4	-0.137848029746	0.675143264596	0.559751632309	20	385	42489
0.883945646907	-0.26775542659	0.930602274457	0.778078140084	1289873.0	655458	0.701977604726	14408.0	0.935024760474	0.849348617561	0.999793857194	0.930602274457	1046164	0.883945646907	0.5	-0.105681978468	0.694732475724	0.614404796277	20	720	64493
0.899491316313	-0.294470006979	0.918188303844	0.796704193639	1931583.0	782444	0.7149085382	23947.0	0.919822257226	0.857642916935	0.978352426012	0.918188303844	919178	0.899491316313	0.6	-0.125248931637	0.681965048844	0.618849158606	23	1041	83981
0.902491467337	-0.21343774265	0.89992795542	0.788222246141	2626530.0	911164	0.687516762427	36959.0	0.942645633564	0.860272779807	0.992264646743	0.89992795542	790458	0.902491467337	0.7	-0.0232210641609	0.737970824665	0.60834057491	26	1421	101020
0.904817230319	-0.219858950433	0.918584601057	0.813389631933	3389894.0	1037440	0.730318026311	53115.0	0.932300496722	0.881148169175	0.996722456428	0.918584601057	664182	0.904817230319	0.8	0.0372827393549	0.754399910639	0.642743941751	28	1896	121067
0.906537968388	-0.232156378128	0.919098983217	0.805620556004	4414503.0	1166619	0.712273251962	75111.0	0.941474499853	0.877989952128	0.998001066173	0.919098983217	535003	0.906537968388	0.9	0.0764215391673	0.788906181322	0.598250942032	31	2422	142403